,precision,recall,f1-score,support
HSIL,0.9215686274509803,0.9591836734693877,0.9400000000000001,98.0
LSIL,0.9912280701754386,1.0,0.9955947136563876,113.0
NL,1.0,1.0,1.0,120.0
SCC,0.9736842105263158,0.9327731092436975,0.9527896995708156,119.0
accuracy,0.9733333333333334,0.9733333333333334,0.9733333333333334,0.9733333333333334
macro avg,0.9716202270381837,0.9729891956782712,0.9720961033068009,450.0
weighted avg,0.9737575966058939,0.9733333333333334,0.9733426153157753,450.0
